id,t,dist,tof,p_hit,miss,kind,zone,drift_deg,enemy_speed,my_speed,hull_pitch,hull_roll,est_speed,dy,bias_range,bias_n,lon_shift
1,71.57,24.36,0.499,1.0,0.752,tank,side,-2.1,3.76,0.15,1.85,-1.5,2.33,-1.502,-8.54,3,0.0
2,106.69,24.4,0.503,1.0,25.579,terrain,side,-1.85,2.25,0.2,-1.58,0.74,2.47,1.936,-8.54,3,0.0
3,151.3,24.43,0.503,1.0,0.678,tank,side,-0.02,2.45,0.02,-1.58,0.74,2.43,0.96,-8.54,3,0.0
4,168.13,24.42,0.503,1.0,0.83,tank,side,-1.28,2.59,0.22,-1.58,0.74,2.56,1.93,-8.54,3,0.0
5,194.19,24.13,0.495,1.0,1.089,tank,side,-1.69,2.25,0.0,-1.58,0.74,2.51,-1.452,-8.54,3,0.0
6,218.64,24.3,0.495,1.0,0.185,tank,side,-0.98,1.66,0.1,-1.58,0.74,2.43,-2.489,-8.54,3,0.0
7,229.87,24.39,0.502,1.0,25.624,terrain,side,-4.28,2.88,0.01,-1.58,0.74,2.66,1.901,-8.54,3,0.0
8,336.48,24.41,0.502,1.0,0.166,tank,side,-0.52,2.36,0.01,-1.58,0.74,2.07,0.947,-8.54,3,0.0
9,41.46,25.33,0.518,1.0,0.846,tank,rear,5.5,2.71,0.23,-0.36,0.17,2.7,0.906,-8.54,3,0.0
10,48.45,26.15,0.586,1.0,0.548,tank,front,9.09,2.48,0.07,-0.36,0.17,2.57,2.842,-8.54,3,0.0
11,61.17,35.26,0.694,1.0,1.53,tank,side,12.12,2.58,0.06,-0.36,0.17,2.67,-2.302,-8.54,3,0.0
12,72.09,27.4,0.555,1.0,0.457,tank,rear,-9.11,2.49,0.04,-0.36,0.17,2.55,0.117,-8.54,3,0.0
13,82.21,29.88,0.598,1.0,0.368,tank,front,-3.85,2.51,0.05,-0.36,0.17,2.84,0.052,-8.54,3,0.0
17,155.68,27.81,0.562,1.0,1.612,tank,rear,12.85,2.36,0.17,-0.36,0.17,2.36,1.295,-8.54,3,0.0
18,163.23,22.23,0.465,1.0,1.105,tank,side,9.16,3.37,0.02,-0.36,0.17,2.59,1.601,-8.54,3,0.0
19,171.96,28.76,0.576,1.0,2.411,tank,front,-9.37,2.65,0.22,-0.36,0.17,2.53,-0.039,-8.54,3,0.0
20,185.59,29.93,0.604,1.0,0.431,tank,front,0.32,2.3,0.09,-0.36,0.17,2.32,3.037,-8.54,3,0.0
